,outputs
0,"{'ID': 1, 'name': 'Назаров', 'address': 'ул. Большая Ордынка, 13/9с1, Москва', 'website': 'nazarov-gallery.ru', 'opening_hours': {'mon': '10:00-20:00', 'tue': '10:00-20:00', 'wed': '10:00-20:00', 'thu': '10:00-20:00', 'fri': '10:00-20:00', 'sat': '10:00-20:00', 'sun': '10:00-19:00'}, 'ypage': 'https://yandex.ru/maps/org/nazarov/1108781527/?ll=37.625067%2C55.743584&z=14', 'goods': None, 'rating': '4,7', 'reviews': None, 'phone': ['+7 (495) 646-71-07Показать телефон'], 'social': ['https://t.me/gallerynazarov', 'https://vk.com/nasarovru', 'https://www.youtube.com/channel/UCwzDaHmhUx0m389VdknSE6A']}"
1,"{'ID': 2, 'name': 'Sonos Center', 'address': 'Николоямский пер., 4/6с3, Москва', 'website': 'sonoscenter.ru', 'opening_hours': {'mon': '10:00-20:00', 'tue': '10:00-20:00', 'wed': '10:00-20:00', 'thu': '10:00-20:00', 'fri': '10:00-20:00', 'sat': '11:00-19:00', 'sun': '11:00-19:00'}, 'ypage': 'https://yandex.ru/maps/org/sonos_center/6081525809/?ll=37.660564%2C55.748382&z=14', 'goods': None, 'rating': '4,1', 'reviews': None, 'phone': ['8 (800) 350-37-83Показать телефон'], 'social': ['https://vk.com/soundprolab', 'https://www.youtube.com/channel/UCaFy9GlumeU3Bw-lQyGGDxw']}"
2,"{'ID': 3, 'name': 'Acer', 'address': 'Ходынский бул., 4, Москва', 'website': 'aspirestore.ru', 'opening_hours': {'mon': '10:00-22:00', 'tue': '10:00-22:00', 'wed': '10:00-22:00', 'thu': '10:00-22:00', 'fri': '10:00-23:00', 'sat': '10:00-23:00', 'sun': '10:00-22:00'}, 'ypage': 'https://yandex.ru/maps/org/acer/225721129763/?ll=37.530463%2C55.790232&z=16', 'goods': None, 'rating': '4,3', 'reviews': None, 'phone': ['+7 (495) 660-02-92Показать телефон'], 'social': ['http://youtube.com/channel/UCDVFkz-zoNZMB_RX9bytzgQ', 'https://vk.com/acer']}"
3,"{'ID': 4, 'name': 'NF-Moscow', 'address': 'Можайское ш., 4, корп. 1, Москва', 'website': 'www.nf-moscow.ru', 'opening_hours': {'mon': '10:00-19:00', 'tue': '10:00-19:00', 'wed': '10:00-19:00', 'thu': '10:00-19:00', 'fri': '10:00-19:00', 'sat': 'выходной', 'sun': 'выходной'}, 'ypage': 'https://yandex.ru/maps/org/nf_moscow/177294372215/?ll=37.444588%2C55.723211&z=14', 'goods': None, 'rating': '3,9', 'reviews': None, 'phone': ['+7 (495) 796-31-35Показать телефон'], 'social': []}"
4,"{'ID': 5, 'name': 'IVenue.ru', 'address': 'Багратионовский пр., 7, корп. 3, Москва', 'website': 'ivenue.ru', 'opening_hours': {'mon': '10:00-20:00', 'tue': '10:00-20:00', 'wed': '10:00-20:00', 'thu': '10:00-20:00', 'fri': '10:00-20:00', 'sat': '10:00-20:00', 'sun': '10:00-20:00'}, 'ypage': 'https://yandex.ru/maps/org/ivenue_ru/1004982995/?ll=37.504232%2C55.742184&z=16', 'goods': None, 'rating': '4,1', 'reviews': None, 'phone': ['+7 (495) 669-56-27Показать телефон'], 'social': []}"
5,"{'ID': 6, 'name': 'Медиа Парк', 'address': 'Багратионовский пр., 7, корп. 24А, Москва', 'website': 'mtpark.ru', 'opening_hours': {'mon': '10:00-19:15', 'tue': '10:00-19:15', 'wed': '10:00-19:15', 'thu': '10:00-19:15', 'fri': '10:00-19:15', 'sat': '10:00-19:15', 'sun': '10:00-19:15'}, 'ypage': 'https://yandex.ru/maps/org/media_park/1137264556/?ll=37.506440%2C55.743215&z=14', 'goods': None, 'rating': '4,5', 'reviews': None, 'phone': ['+7 (495) 477-37-04Показать телефон'], 'social': ['https://wa.me/79254592596']}"
6,"{'ID': 7, 'name': 'AVComfort', 'address': '5-й Донской пр., 23, Москва', 'website': 'www.avcomfort.ru', 'opening_hours': {'mon': '11:00-20:00', 'tue': '11:00-20:00', 'wed': '11:00-20:00', 'thu': '11:00-20:00', 'fri': '11:00-20:00', 'sat': '11:00-20:00', 'sun': '11:00-20:00'}, 'ypage': 'https://yandex.ru/maps/org/avcomfort/1307845218/?ll=37.603795%2C55.701986&z=15', 'goods': None, 'rating': '4,3', 'reviews': None, 'phone': ['+7 (495) 249-60-90Показать телефон'], 'social': ['http://vk.com/avcomfort', 'https://www.youtube.com/channel/UCfKQQ_NbHdrjeOvkThZ0q7g']}"
7,"{'ID': 8, 'name': 'Гаджетлаб24', 'address': 'Волгоградский просп., 9, стр. 1, Москва', 'website': 'gadgetlab24.ru', 'opening_hours': {'mon': 'выходной', 'tue': 'выходной', 'wed': 'выходной', 'thu': 'выходной', 'fri': 'выходной', 'sat': 'выходной', 'sun': 'выходной'}, 'ypage': 'https://yandex.ru/maps/org/gadzhetlab24/61299755516/?ll=37.674369%2C55.730818&z=14', 'goods': None, 'rating': '5,0', 'reviews': None, 'phone': ['+7 (995) 795-79-05Показать телефон'], 'social': ['https://t.me/gadgetlab24', 'https://viber.click/79957957905', 'https://vk.com/gadgetlab24', 'https://wa.me/79957957905']}"
8,"{'ID': 9, 'name': 'restore:', 'address': 'просп. Вернадского, 86А, Москва', 'website': 're-store.ru', 'opening_hours': {'mon': '10:00-22:00', 'tue': '10:00-22:00', 'wed': '10:00-22:00', 'thu': '10:00-22:00', 'fri': '10:00-22:00', 'sat': '10:00-22:00', 'sun': '10:00-22:00'}, 'ypage': 'https://yandex.ru/maps/org/restore_/240104701560/?ll=37.480993%2C55.663020&z=16', 'goods': None, 'rating': '4,3', 'reviews': None, 'phone': ['+7 (495) 419-51-36Показать телефон'], 'social': ['https://vk.com/re_store', 'https://www.youtube.com/user/restoreapr']}"
9,"{'ID': 10, 'name': 'Компоненты и микросхемы', 'address': 'ул. Хромова, 36, стр. 5, Москва', 'website': 'kimkit.ru', 'opening_hours': {'mon': '10:00-18:00', 'tue': '10:00-18:00', 'wed': '10:00-18:00', 'thu': '10:00-18:00', 'fri': '10:00-18:00', 'sat': 'выходной', 'sun': 'выходной'}, 'ypage': 'https://yandex.ru/maps/org/komponenty_i_mikroskhemy/1635973150/?ll=37.723510%2C55.800545&z=15', 'goods': None, 'rating': '4,6', 'reviews': None, 'phone': ['+7 (499) 161-66-13Показать телефон'], 'social': ['https://viber.click/79858170117', 'https://vk.com/kimkitru', 'https://wa.me/79858170117']}"
10,"{'ID': 11, 'name': 'restore:', 'address': 'Кутузовский просп., 26, корп. 1, Москва', 'website': 're-store.ru', 'opening_hours': {'mon': '10:00-22:00', 'tue': '10:00-22:00', 'wed': '10:00-22:00', 'thu': '10:00-22:00', 'fri': '10:00-22:00', 'sat': '10:00-22:00', 'sun': '10:00-22:00'}, 'ypage': 'https://yandex.ru/maps/org/restore_/1121767071/?ll=37.542626%2C55.743411&z=16', 'goods': None, 'rating': '4,7', 'reviews': None, 'phone': ['+7 (495) 974-14-15Показать телефон'], 'social': ['https://vk.com/re_store', 'https://www.youtube.com/user/restoreapr']}"
11,"{'ID': 12, 'name': 'Электроника СК', 'address': 'Запорожская ул., 5, Москва', 'website': '', 'opening_hours': {'mon': '10:00-19:00', 'tue': '10:00-19:00', 'wed': '10:00-19:00', 'thu': '10:00-19:00', 'fri': '10:00-19:00', 'sat': '10:00-19:00', 'sun': '10:00-17:00'}, 'ypage': 'https://yandex.ru/maps/org/elektronika_sk/1059765300/?ll=37.402501%2C55.722814&z=14', 'goods': None, 'rating': '4,7', 'reviews': None, 'phone': ['+7 (495) 447-16-15Показать телефон'], 'social': []}"
12,"{'ID': 13, 'name': '4Print', 'address': 'ул. Сущёвский Вал, 5, стр. 1А, Москва', 'website': '4print.pro', 'opening_hours': {'mon': '10:00-21:00', 'tue': '10:00-21:00', 'wed': '10:00-21:00', 'thu': '10:00-21:00', 'fri': '10:00-21:00', 'sat': '10:00-21:00', 'sun': '10:00-21:00'}, 'ypage': 'https://yandex.ru/maps/org/4print/1152566123/?ll=37.592833%2C55.794143&z=16', 'goods': None, 'rating': '4,2', 'reviews': None, 'phone': ['+7 (926) 953-74-18Показать телефон'], 'social': ['https://vk.com/fourprint']}"
13,"{'ID': 14, 'name': 'ProInside.net', 'address': 'Багратионовский пр., 7, корп. 2, Москва', 'website': 'proinside.net', 'opening_hours': {'mon': '10:00-20:00', 'tue': '10:00-20:00', 'wed': '10:00-20:00', 'thu': '10:00-20:00', 'fri': '10:00-20:00', 'sat': '11:00-18:00', 'sun': 'выходной'}, 'ypage': 'https://yandex.ru/maps/org/proinside_net/17904084983/?ll=37.501312%2C55.741764&z=16', 'goods': None, 'rating': '4,3', 'reviews': None, 'phone': ['+7 (495) 762-40-10Показать телефон'], 'social': ['https://t.me/Proinsidenet', 'https://viber.click/79857624010', 'https://vk.com/proinsidenet', 'https://wa.me/79857624010', 'https://youtube.com/channel/UCuGBQJ9hi5u_1Lza9dmtS0g']}"
14,"{'ID': 15, 'name': 'Palmexx', 'address': 'ул. Сущёвский Вал, 5, стр. 1А, Москва', 'website': 'www.palmexx.ru', 'opening_hours': {'mon': '12:00-20:00', 'tue': '12:00-20:00', 'wed': '12:00-20:00', 'thu': '12:00-20:00', 'fri': '12:00-20:00', 'sat': '12:00-20:00', 'sun': '12:00-20:00'}, 'ypage': 'https://yandex.ru/maps/org/palmexx/1245760647/', 'goods': None, 'rating': '4,3', 'reviews': None, 'phone': ['+7 (495) 185-58-50Показать телефон'], 'social': []}"
15,"{'ID': 16, 'name': 'Империя Hd', 'address': 'Багратионовский пр., 7, корп. 3, Москва', 'website': '', 'opening_hours': {'mon': '10:00-18:00', 'tue': '10:00-18:00', 'wed': '10:00-18:00', 'thu': '10:00-18:00', 'fri': '10:00-18:00', 'sat': '10:00-18:00', 'sun': '10:00-18:00'}, 'ypage': 'https://yandex.ru/maps/org/imperiya_hd/73288056649/?ll=37.504232%2C55.742184&z=16', 'goods': None, 'rating': '4,2', 'reviews': None, 'phone': ['+7 (903) 790-38-21Показать телефон'], 'social': []}"
16,"{'ID': 17, 'name': 'Олди', 'address': 'ул. Малышева, 20, Москва', 'website': 'www.oldi.ru', 'opening_hours': {'mon': '09:00-21:00', 'tue': '09:00-21:00', 'wed': '09:00-21:00', 'thu': '09:00-21:00', 'fri': '09:00-21:00', 'sat': '09:00-21:00', 'sun': '09:00-21:00'}, 'ypage': 'https://yandex.ru/maps/org/oldi/1216099985/?ll=37.742167%2C55.700701&z=14', 'goods': None, 'rating': '4,7', 'reviews': None, 'phone': ['8 (800) 775-11-11Показать телефон'], 'social': ['https://ok.ru/oldiru', 'https://vk.com/oldiretail', 'https://www.youtube.com/user/OLDIComputers']}"
17,"{'ID': 18, 'name': 'Kypla.ru', 'address': 'Багратионовский пр., 7, корп. 20В, Москва', 'website': 'kypla.ru', 'opening_hours': {'mon': '09:00-22:00', 'tue': '09:00-22:00', 'wed': '09:00-22:00', 'thu': '09:00-22:00', 'fri': '09:00-22:00', 'sat': '09:00-22:00', 'sun': '09:00-22:00'}, 'ypage': 'https://yandex.ru/maps/org/kypla_ru/147647899237/?ll=37.505507%2C55.743522&z=16', 'goods': None, 'rating': '4,1', 'reviews': None, 'phone': ['8 (800) 222-97-91Показать телефон'], 'social': []}"
18,"{'ID': 19, 'name': 'Электроника', 'address': 'Пятницкое ш., 43, Москва', 'website': '', 'opening_hours': {'mon': '10:00-20:00', 'tue': '10:00-20:00', 'wed': '10:00-20:00', 'thu': '10:00-20:00', 'fri': '10:00-20:00', 'sat': '10:00-20:00', 'sun': '10:00-20:00'}, 'ypage': 'https://yandex.ru/maps/org/elektronika/220028282805/?ll=37.350809%2C55.857276&z=14', 'goods': None, 'rating': '4,3', 'reviews': None, 'phone': ['+7 (915) 097-77-11Показать телефон'], 'social': []}"
19,"{'ID': 20, 'name': 'Samsung', 'address': 'Кутузовский просп., 57, Москва', 'website': 'galaxystore.ru', 'opening_hours': {'mon': '10:00-22:00', 'tue': '10:00-22:00', 'wed': '10:00-22:00', 'thu': '10:00-22:00', 'fri': '10:00-22:00', 'sat': '10:00-22:00', 'sun': '10:00-22:00'}, 'ypage': 'https://yandex.ru/maps/org/samsung/72650401551/?ll=37.476168%2C55.727932&z=16', 'goods': None, 'rating': '4,3', 'reviews': None, 'phone': ['+7 (495) 797-47-10Показать телефон'], 'social': ['https://vk.com/galaxystore.russia']}"
20,"{'ID': 21, 'name': 'DNS', 'address': 'Жилинская ул., с1, рабочий посёлок Андреевка', 'website': 'dns-shop.ru', 'opening_hours': {'mon': '10:00-21:00', 'tue': '10:00-21:00', 'wed': '10:00-21:00', 'thu': '10:00-21:00', 'fri': '10:00-21:00', 'sat': '10:00-21:00', 'sun': '10:00-21:00'}, 'ypage': 'https://yandex.ru/maps/org/dns/35467509173/?ll=37.141576%2C55.983117&z=15', 'goods': None, 'rating': '4,2', 'reviews': None, 'phone': ['8 (800) 770-79-99Показать телефон'], 'social': ['https://vk.com/dnsstore', 'https://www.youtube.com/c/DNSTV']}"
21,"{'ID': 22, 'name': 'Технопарк', 'address': 'Севастопольский просп., 11Е, Москва', 'website': 'www.technopark.ru', 'opening_hours': {'mon': '10:00-22:00', 'tue': '10:00-22:00', 'wed': '10:00-22:00', 'thu': '10:00-22:00', 'fri': '10:00-22:00', 'sat': '10:00-22:00', 'sun': '10:00-22:00'}, 'ypage': 'https://yandex.ru/maps/org/tekhnopark/29458713568/?ll=37.603918%2C55.687051&z=16', 'goods': None, 'rating': '4,5', 'reviews': None, 'phone': ['+7 (495) 755-57-77 (доб. 3600)Показать телефон'], 'social': ['http://vk.com/technoparkru', 'https://ok.ru/group/52570757267676']}"
22,"{'ID': 23, 'name': 'GitUp', 'address': 'ул. Маршала Бирюзова, 1, корп. 1А, Москва', 'website': 'gituphd.ru', 'opening_hours': {'mon': 'выходной', 'tue': 'выходной', 'wed': 'выходной', 'thu': 'выходной', 'fri': 'выходной', 'sat': 'выходной', 'sun': 'выходной'}, 'ypage': 'https://yandex.ru/maps/org/gitup/1770601332/?ll=37.498757%2C55.789140&z=15', 'goods': None, 'rating': '4,7', 'reviews': None, 'phone': ['+7 (495) 641-84-82Показать телефон'], 'social': ['http://vk.com/gituphd', 'https://www.youtube.com/channel/UCb1tDXWPLdhegegjXWjCGyA']}"
23,"{'ID': 24, 'name': 'М.Видео', 'address': 'Большая Черёмушкинская ул., 1, Москва', 'website': 'app.mvideo.ru', 'opening_hours': {'mon': 'выходной', 'tue': '10:00-22:00', 'wed': '10:00-22:00', 'thu': '10:00-22:00', 'fri': '10:00-22:00', 'sat': '10:00-22:00', 'sun': '10:00-22:00'}, 'ypage': 'https://yandex.ru/maps/org/m_video/1109345207/?ll=37.601878%2C55.690283&z=16', 'goods': None, 'rating': '4,2', 'reviews': None, 'phone': ['8 (800) 600-77-75Показать телефон'], 'social': ['https://ok.ru/mvideo', 'https://t.me/mvideo_official_bot', 'https://vk.com/mvideo', 'https://www.youtube.com/channel/UC84Z1707LlhS2zervmoqt3A']}"
24,"{'ID': 25, 'name': 'Ноу-Хау', 'address': 'просп. Вернадского, 86А, Москва', 'website': 'ноу-хау.рф', 'opening_hours': {'mon': '10:00-22:00', 'tue': '10:00-22:00', 'wed': '10:00-22:00', 'thu': '10:00-22:00', 'fri': '10:00-22:00', 'sat': '10:00-22:00', 'sun': '10:00-22:00'}, 'ypage': 'https://yandex.ru/maps/org/nou_khau/1544048703/?ll=37.480993%2C55.663020&z=16', 'goods': None, 'rating': '4,3', 'reviews': None, 'phone': ['+7 (495) 514-12-12Показать телефон'], 'social': ['http://youtube.com/user/iontelevision', 'https://t.me/know_how_shop', 'https://vk.com/know_how_shop']}"
25,"{'ID': 26, 'name': 'Lsteam.ru', 'address': 'ул. 1905 года, 7, стр. 1, Москва', 'website': 'lsteam.ru', 'opening_hours': {'mon': '10:00-19:00', 'tue': '10:00-19:00', 'wed': '10:00-19:00', 'thu': '10:00-19:00', 'fri': '10:00-19:00', 'sat': 'выходной', 'sun': 'выходной'}, 'ypage': 'https://yandex.ru/maps/org/lsteam_ru/195772978564/?ll=37.559208%2C55.763054&z=15', 'goods': None, 'rating': '4,6', 'reviews': None, 'phone': ['+7 (495) 933-02-22Показать телефон'], 'social': ['http://youtube.com/channel/UCD8BgCUc6gXNDkmsd3m5fSA', 'https://wa.me/79253809212']}"
26,"{'ID': 27, 'name': 'Samsung', 'address': 'Автозаводская ул., 18, Москва', 'website': 'galaxystore.ru', 'opening_hours': {'mon': '10:00-22:00', 'tue': '10:00-22:00', 'wed': '10:00-22:00', 'thu': '10:00-22:00', 'fri': '10:00-22:00', 'sat': '10:00-22:00', 'sun': '10:00-22:00'}, 'ypage': 'https://yandex.ru/maps/org/samsung/7838823429/?ll=37.638363%2C55.705302&z=16', 'goods': None, 'rating': '4,4', 'reviews': None, 'phone': ['+7 (495) 105-92-41Показать телефон'], 'social': ['https://vk.com/galaxystore.russia']}"
27,"{'ID': 28, 'name': 'Sprintmarket.ru', 'address': '2-й Хорошёвский пр., 7, стр. 1В, Москва', 'website': 'sprintmarket.ru', 'opening_hours': {'mon': '07:00-15:30', 'tue': '07:00-15:30', 'wed': '07:00-15:30', 'thu': '07:00-15:30', 'fri': '07:00-15:30', 'sat': 'выходной', 'sun': 'выходной'}, 'ypage': 'https://yandex.ru/maps/org/sprintmarket_ru/79238070113/?ll=37.530283%2C55.771429&z=16', 'goods': None, 'rating': '', 'reviews': None, 'phone': ['+7 (495) 970-69-83Показать телефон'], 'social': ['https://wa.me/79123100096']}"
28,"{'ID': 29, 'name': 'М.Видео', 'address': 'Западная ул., 180, рабочий посёлок Новоивановское', 'website': 'app.mvideo.ru', 'opening_hours': {'mon': '13:00-21:00', 'tue': '09:00-21:00', 'wed': '09:00-21:00', 'thu': '09:00-21:00', 'fri': '09:00-21:00', 'sat': '09:00-21:00', 'sun': '09:00-21:00'}, 'ypage': 'https://yandex.ru/maps/org/m_video/126246260457/?ll=37.343649%2C55.699497&z=16', 'goods': None, 'rating': '4,4', 'reviews': None, 'phone': [], 'social': ['https://ok.ru/mvideo', 'https://t.me/mvideo_official_bot', 'https://vk.com/mvideo', 'https://www.youtube.com/channel/UC84Z1707LlhS2zervmoqt3A']}"
29,"{'ID': 30, 'name': 'Promobile', 'address': 'Пятницкое ш., 18, Москва', 'website': 'store-mi.ru', 'opening_hours': {'mon': '09:00-20:00', 'tue': '09:00-20:00', 'wed': '09:00-20:00', 'thu': '09:00-20:00', 'fri': '09:00-20:00', 'sat': '09:00-20:00', 'sun': '09:00-20:00'}, 'ypage': 'https://yandex.ru/maps/org/promobile/232284944696/?ll=37.383633%2C55.844334&z=16', 'goods': None, 'rating': '5,0', 'reviews': None, 'phone': ['+7 (901) 468-28-91Показать телефон'], 'social': ['http://vk.com/xiaomimistore', 'https://t.me/ProMobile_shop', 'https://wa.me/79154882888']}"
30,"{'ID': 31, 'name': 'Радиотовары', 'address': 'Измайловский бул., 12, Москва', 'website': 'www.digi-zone.ru', 'opening_hours': {'mon': 'выходной', 'tue': 'выходной', 'wed': '11:00-18:00', 'thu': '11:00-18:00', 'fri': '11:00-18:00', 'sat': '11:00-18:00', 'sun': '11:00-18:00'}, 'ypage': 'https://yandex.ru/maps/org/radiotovary/1097462639/?ll=37.787142%2C55.796262&z=14', 'goods': None, 'rating': '4,3', 'reviews': None, 'phone': ['+7 (495) 465-56-50Показать телефон'], 'social': ['https://viber.click/79856448938', 'https://wa.me/79856448938']}"
31,"{'ID': 32, 'name': 'М.Видео', 'address': 'Варшавское ш., 140, Москва', 'website': 'app.mvideo.ru', 'opening_hours': {'mon': '12:00-22:00', 'tue': '10:00-22:00', 'wed': '10:00-22:00', 'thu': '10:00-22:00', 'fri': '10:00-22:00', 'sat': '10:00-22:00', 'sun': '10:00-22:00'}, 'ypage': 'https://yandex.ru/maps/org/m_video/61352793312/?ll=37.608050%2C55.612075&z=16', 'goods': None, 'rating': '4,3', 'reviews': None, 'phone': [], 'social': ['https://ok.ru/mvideo', 'https://t.me/mvideo_official_bot', 'https://vk.com/mvideo', 'https://www.youtube.com/channel/UC84Z1707LlhS2zervmoqt3A']}"
32,"{'ID': 33, 'name': 'Галерея Назаров', 'address': 'Нахимовский просп., 24, стр. 1, Москва', 'website': 'nazarov-gallery.ru', 'opening_hours': {'mon': '10:00-20:00', 'tue': '10:00-20:00', 'wed': '10:00-20:00', 'thu': '10:00-20:00', 'fri': '10:00-20:00', 'sat': '10:00-20:00', 'sun': '10:00-19:00'}, 'ypage': 'https://yandex.ru/maps/org/galereya_nazarov/157125058384/?ll=37.584352%2C55.672130&z=14', 'goods': None, 'rating': '4,1', 'reviews': None, 'phone': ['+7 (495) 646-71-07Показать телефон'], 'social': ['http://youtube.com/channel/UCwzDaHmhUx0m389VdknSE6A', 'https://t.me/gallerynazarov', 'https://vk.com/nasarovru']}"
33,"{'ID': 34, 'name': 'М.Видео', 'address': 'Московская область, городской округ Пушкинский, М-8 Холмогоры, 33-й километр, с18', 'website': 'app.mvideo.ru', 'opening_hours': {'mon': 'выходной', 'tue': '10:00-22:00', 'wed': '10:00-22:00', 'thu': '10:00-22:00', 'fri': '10:00-22:00', 'sat': '10:00-22:00', 'sun': '10:00-22:00'}, 'ypage': 'https://yandex.ru/maps/org/m_video/156982971986/?ll=37.881731%2C56.000377&z=16', 'goods': None, 'rating': '4,3', 'reviews': None, 'phone': [], 'social': ['https://ok.ru/mvideo', 'https://t.me/mvideo_official_bot', 'https://vk.com/mvideo', 'https://www.youtube.com/channel/UC84Z1707LlhS2zervmoqt3A']}"
34,"{'ID': 35, 'name': 'Электория', 'address': 'ул. Сущёвский Вал, 43, стр. 2, Москва', 'website': '', 'opening_hours': {'mon': '10:00-20:00', 'tue': '10:00-20:00', 'wed': '10:00-20:00', 'thu': '10:00-20:00', 'fri': '10:00-20:00', 'sat': '12:00-15:00', 'sun': '12:00-15:00'}, 'ypage': 'https://yandex.ru/maps/org/elektoriya/1211134486/?ll=37.609959%2C55.793859&z=16', 'goods': None, 'rating': '4,2', 'reviews': None, 'phone': ['+7 (495) 769-34-91Показать телефон'], 'social': []}"
35,"{'ID': 36, 'name': 'Ситилинк', 'address': 'Можайское ш., 159, Одинцово', 'website': 'www.citilink.ru', 'opening_hours': {'mon': '10:00-21:00', 'tue': '10:00-21:00', 'wed': '10:00-21:00', 'thu': '10:00-21:00', 'fri': '10:00-21:00', 'sat': '10:00-21:00', 'sun': '10:00-21:00'}, 'ypage': 'https://yandex.ru/maps/org/sitilink/150267273454/?ll=37.305357%2C55.686691&z=15', 'goods': None, 'rating': '4,4', 'reviews': None, 'phone': ['+7 (495) 780-20-02Показать телефон'], 'social': ['https://ok.ru/citilink.ru', 'https://vk.com/citilink_ru', 'https://www.youtube.com/user/CitilinkTV']}"
36,"{'ID': 37, 'name': 'Эльдорадо', 'address': 'Литовский бул., 22, Москва', 'website': 'app.eldorado.ru', 'opening_hours': {'mon': 'выходной', 'tue': '10:00-22:00', 'wed': '10:00-22:00', 'thu': '10:00-22:00', 'fri': '10:00-22:00', 'sat': '10:00-22:00', 'sun': '10:00-22:00'}, 'ypage': 'https://yandex.ru/maps/org/eldorado/1125383255/?ll=37.537587%2C55.611969&z=16', 'goods': None, 'rating': '4,0', 'reviews': None, 'phone': [], 'social': ['https://ok.ru/eldorado.stores', 'https://t.me/eldorado_official_bot', 'https://vk.com/eldorado_stores', 'https://www.youtube.com/user/eldoradovideo']}"
37,"{'ID': 38, 'name': 'Gb Store', 'address': 'ул. Барклая, 8, Москва', 'website': 'gbstore.ru', 'opening_hours': {'mon': '10:00-20:00', 'tue': '10:00-20:00', 'wed': '10:00-20:00', 'thu': '10:00-20:00', 'fri': '10:00-20:00', 'sat': '10:00-20:00', 'sun': '10:00-20:00'}, 'ypage': 'https://yandex.ru/maps/org/gb_store/1028664051/', 'goods': None, 'rating': '', 'reviews': None, 'phone': ['+7 (495) 775-59-98Показать телефон'], 'social': ['https://t.me/Gbstorebot', 'https://vk.com/gbstore']}"
38,"{'ID': 39, 'name': 'Gsmking.ru', 'address': 'Багратионовский пр., 7, корп. 3, Москва', 'website': 'gsmking.ru', 'opening_hours': {'mon': '10:30-20:00', 'tue': '10:30-20:00', 'wed': '10:30-20:00', 'thu': '10:30-20:00', 'fri': '10:30-20:00', 'sat': '11:00-19:00', 'sun': '11:00-19:00'}, 'ypage': 'https://yandex.ru/maps/org/gsmking_ru/1680841878/?ll=37.504232%2C55.742184&z=16', 'goods': None, 'rating': '4,9', 'reviews': None, 'phone': ['+7 (903) 798-51-56Показать телефон'], 'social': ['https://t.me/79037985156', 'https://wa.me/79037985156']}"
39,"{'ID': 40, 'name': 'Audiomania', 'address': 'Ходынский бул., 20А, Москва', 'website': 'www.audiomania.ru', 'opening_hours': {'mon': 'выходной', 'tue': 'выходной', 'wed': '11:00-21:00', 'thu': '11:00-21:00', 'fri': '11:00-21:00', 'sat': '11:00-21:00', 'sun': '11:00-21:00'}, 'ypage': 'https://yandex.ru/maps/org/audiomania/105564022403/?ll=37.523289%2C55.791269&z=15', 'goods': None, 'rating': '5,0', 'reviews': None, 'phone': ['+7 (495) 108-75-26Показать телефон'], 'social': ['https://t.me/audiomaniaRU', 'https://vk.com/audiomania', 'https://wa.me/74952680468', 'https://www.youtube.com/user/AudiomaniaVideo']}"
40,"{'ID': 41, 'name': 'Технолайн', 'address': 'Пятницкое ш., 18, Москва', 'website': 'techno-line.store', 'opening_hours': {'mon': '10:00-19:00', 'tue': '10:00-19:00', 'wed': '10:00-19:00', 'thu': '10:00-19:00', 'fri': '10:00-19:00', 'sat': '10:00-19:00', 'sun': '10:00-19:00'}, 'ypage': 'https://yandex.ru/maps/org/tekhnolayn/79043885143/?ll=37.383633%2C55.844334&z=16', 'goods': None, 'rating': '4,3', 'reviews': None, 'phone': ['+7 (906) 710-13-79Показать телефон'], 'social': ['https://t.me/technohub_store', 'https://wa.me/79067101379']}"
41,"{'ID': 42, 'name': 'SoundProLab', 'address': 'Николоямский пер., 4/6с3, Москва', 'website': 'www.spl.ru', 'opening_hours': {'mon': 'выходной', 'tue': 'выходной', 'wed': 'выходной', 'thu': '11:00-19:00', 'fri': '11:00-19:00', 'sat': '11:00-19:00', 'sun': 'выходной'}, 'ypage': 'https://yandex.ru/maps/org/soundprolab/1101537096/?ll=37.660515%2C55.748356&z=15', 'goods': None, 'rating': '4,9', 'reviews': None, 'phone': ['8 (800) 770-75-53Показать телефон'], 'social': ['https://vk.com/soundprolab', 'https://www.youtube.com/channel/UCaFy9GlumeU3Bw-lQyGGDxw']}"
42,"{'ID': 43, 'name': 'М.Видео', 'address': 'Дмитровское ш., 116Д, Москва', 'website': 'app.mvideo.ru', 'opening_hours': {'mon': 'выходной', 'tue': '10:00-22:00', 'wed': '10:00-22:00', 'thu': '10:00-22:00', 'fri': '10:00-22:00', 'sat': '10:00-22:00', 'sun': '10:00-22:00'}, 'ypage': 'https://yandex.ru/maps/org/m_video/1045995715/?ll=37.548411%2C55.901783&z=16', 'goods': None, 'rating': '4,4', 'reviews': None, 'phone': [], 'social': ['https://ok.ru/mvideo', 'https://t.me/mvideo_official_bot', 'https://vk.com/mvideo', 'https://www.youtube.com/channel/UC84Z1707LlhS2zervmoqt3A']}"
43,"{'ID': 44, 'name': 'М.Видео', 'address': 'Автозаводская ул., 18, Москва', 'website': 'app.mvideo.ru', 'opening_hours': {'mon': '10:00-22:00', 'tue': '14:00-22:00', 'wed': '10:00-22:00', 'thu': '10:00-22:00', 'fri': '10:00-22:00', 'sat': '10:00-22:00', 'sun': '10:00-22:00'}, 'ypage': 'https://yandex.ru/maps/org/m_video/1712715976/?ll=37.639824%2C55.705042&z=16', 'goods': None, 'rating': '4,4', 'reviews': None, 'phone': [], 'social': ['https://ok.ru/mvideo', 'https://t.me/mvideo_official_bot', 'https://vk.com/mvideo', 'https://www.youtube.com/channel/UC84Z1707LlhS2zervmoqt3A']}"
44,"{'ID': 45, 'name': 'Sony Centre', 'address': 'Пресненская наб., 2, Москва', 'website': 'avcentre.ru', 'opening_hours': {'mon': '10:00-22:00', 'tue': '10:00-22:00', 'wed': '10:00-22:00', 'thu': '10:00-22:00', 'fri': '10:00-23:00', 'sat': '10:00-23:00', 'sun': '10:00-22:00'}, 'ypage': 'https://yandex.ru/maps/org/sony_centre/1248895791/?ll=37.539743%2C55.749157&z=16', 'goods': None, 'rating': '4,4', 'reviews': None, 'phone': ['+7 (495) 229-39-99Показать телефон'], 'social': ['http://youtube.com/channel/UCL77mxzvae39UVHV7Zr2KxQ', 'https://vk.com/sonycentrerussia']}"
45,"{'ID': 46, 'name': 'Ноу-хау', 'address': 'Кировоградская ул., 13А, Москва', 'website': 'ноу-хау.рф', 'opening_hours': {'mon': '10:00-22:00', 'tue': '10:00-22:00', 'wed': '10:00-22:00', 'thu': '10:00-22:00', 'fri': '10:00-22:00', 'sat': '10:00-22:00', 'sun': '10:00-22:00'}, 'ypage': 'https://yandex.ru/maps/org/nou_khau/1244850111/?ll=37.606999%2C55.612147&z=16', 'goods': None, 'rating': '4,3', 'reviews': None, 'phone': ['+7 (495) 514-12-12Показать телефон'], 'social': ['http://youtube.com/user/iontelevision', 'https://t.me/know_how_shop', 'https://vk.com/know_how_shop']}"
46,"{'ID': 47, 'name': 'Технопарк', 'address': 'Пресненская наб., 2, Москва', 'website': 'www.technopark.ru', 'opening_hours': {'mon': '10:00-22:00', 'tue': '10:00-22:00', 'wed': '10:00-22:00', 'thu': '10:00-22:00', 'fri': '10:00-23:00', 'sat': '10:00-23:00', 'sun': '10:00-22:00'}, 'ypage': 'https://yandex.ru/maps/org/tekhnopark/55878061247/?ll=37.539743%2C55.749162&z=16', 'goods': None, 'rating': '4,4', 'reviews': None, 'phone': ['+7 (495) 755-57-77 (доб. 6800)Показать телефон'], 'social': ['https://ok.ru/group/52570757267676', 'https://vk.com/technoparkru']}"
47,"{'ID': 48, 'name': '', 'address': '', 'website': '', 'opening_hours': {'mon': 'выходной', 'tue': 'выходной', 'wed': 'выходной', 'thu': 'выходной', 'fri': 'выходной', 'sat': 'выходной', 'sun': 'выходной'}, 'ypage': 'https://yandex.ru/maps/org/nota_plyus/1198866185/', 'goods': None, 'rating': '', 'reviews': None, 'phone': [], 'social': []}"
48,"{'ID': 49, 'name': 'BORK', 'address': 'просп. Вернадского, 6, Москва', 'website': 'www.bork.ru', 'opening_hours': {'mon': '10:00-22:00', 'tue': '10:00-22:00', 'wed': '10:00-22:00', 'thu': '10:00-22:00', 'fri': '10:00-22:00', 'sat': '10:00-22:00', 'sun': '10:00-22:00'}, 'ypage': 'https://yandex.ru/maps/org/bork/1267367363/?ll=37.527956%2C55.691958&z=16', 'goods': None, 'rating': '4,3', 'reviews': None, 'phone': ['+7 (968) 999-78-88Показать телефон'], 'social': ['https://t.me/bork_public', 'https://vk.com/borkrus', 'https://www.youtube.com/BORK']}"
49,"{'ID': 50, 'name': 'М.Видео', 'address': 'Ленинградское ш., 16А, Москва', 'website': 'app.mvideo.ru', 'opening_hours': {'mon': '14:00-23:00', 'tue': '10:00-23:00', 'wed': '10:00-23:00', 'thu': '10:00-23:00', 'fri': '10:00-23:00', 'sat': '10:00-23:00', 'sun': '10:00-23:00'}, 'ypage': 'https://yandex.ru/maps/org/m_video/4798249439/?ll=37.497216%2C55.823879&z=16', 'goods': None, 'rating': '4,4', 'reviews': None, 'phone': [], 'social': ['https://ok.ru/mvideo', 'https://t.me/mvideo_official_bot', 'https://vk.com/mvideo', 'https://www.youtube.com/channel/UC84Z1707LlhS2zervmoqt3A']}"
50,"{'ID': 51, 'name': 'Футулэнд', 'address': 'ул. Зацепа, 21, стр. 2, Москва', 'website': 'futuland.ru', 'opening_hours': {'mon': '10:00-19:00', 'tue': '10:00-19:00', 'wed': '10:00-19:00', 'thu': '10:00-19:00', 'fri': '10:00-19:00', 'sat': '10:00-15:00', 'sun': '10:00-15:00'}, 'ypage': 'https://yandex.ru/maps/org/futulend/154475366205/?ll=37.633348%2C55.729048&z=15', 'goods': None, 'rating': '4,3', 'reviews': None, 'phone': ['8 (800) 555-22-68Показать телефон'], 'social': ['https://vk.com/futulandru']}"
51,"{'ID': 52, 'name': 'InCraft', 'address': 'Новоостаповская ул., 5, стр. 14, Москва', 'website': 'incraft3d.ru', 'opening_hours': {'mon': '09:00-18:00', 'tue': '09:00-18:00', 'wed': '09:00-18:00', 'thu': '09:00-18:00', 'fri': '09:00-17:00', 'sat': 'выходной', 'sun': 'выходной'}, 'ypage': 'https://yandex.ru/maps/org/incraft/143272689379/?ll=37.680723%2C55.722995&z=14', 'goods': None, 'rating': '4,4', 'reviews': None, 'phone': [], 'social': ['https://www.youtube.com/channel/UCigjnvIJRXHzTwAZdqUkr9A']}"
52,"{'ID': 53, 'name': 'Ситилинк', 'address': 'к1104, Зеленоград', 'website': 'www.citilink.ru', 'opening_hours': {'mon': '10:00-21:00', 'tue': '10:00-21:00', 'wed': '10:00-21:00', 'thu': '10:00-21:00', 'fri': '10:00-21:00', 'sat': '10:00-21:00', 'sun': '10:00-21:00'}, 'ypage': 'https://yandex.ru/maps/org/sitilink/1200878204/?ll=37.188345%2C55.994684&z=14', 'goods': None, 'rating': '4,7', 'reviews': None, 'phone': ['+7 (495) 780-20-02Показать телефон'], 'social': ['https://ok.ru/citilink.ru', 'https://vk.com/citilink_ru', 'https://www.youtube.com/user/CitilinkTV']}"
53,"{'ID': 54, 'name': 'Холодильник.ру', 'address': 'Промышленная ул., 1, корп. 1, село Михайловская Слобода', 'website': 'www.holodilnik.ru', 'opening_hours': {'mon': '09:00-21:00', 'tue': '09:00-21:00', 'wed': '09:00-21:00', 'thu': '09:00-21:00', 'fri': '09:00-21:00', 'sat': '09:00-21:00', 'sun': '09:00-21:00'}, 'ypage': 'https://yandex.ru/maps/org/kholodilnik_ru/1354873250/?ll=38.069326%2C55.553259&z=16', 'goods': None, 'rating': '4,6', 'reviews': None, 'phone': ['+7 (495) 139-72-68Показать телефон'], 'social': ['https://ok.ru/group/61678334509134', 'https://t.me/holodilnikru', 'https://vk.com/holodilnik__ru', 'https://www.youtube.com/@superholodilnikru']}"
54,"{'ID': 55, 'name': 'М.Видео', 'address': 'Бесединское ш., вл15, Москва', 'website': 'app.mvideo.ru', 'opening_hours': {'mon': 'выходной', 'tue': '10:00-22:00', 'wed': '10:00-22:00', 'thu': '10:00-22:00', 'fri': '10:00-22:00', 'sat': '10:00-22:00', 'sun': '10:00-22:00'}, 'ypage': 'https://yandex.ru/maps/org/m_video/1293822494/?ll=37.761329%2C55.625283&z=16', 'goods': None, 'rating': '4,5', 'reviews': None, 'phone': [], 'social': ['https://ok.ru/mvideo', 'https://t.me/mvideo_official_bot', 'https://vk.com/mvideo', 'https://www.youtube.com/channel/UC84Z1707LlhS2zervmoqt3A']}"
55,"{'ID': 56, 'name': 'М.Видео', 'address': 'Ходынский бул., 4, Москва', 'website': 'app.mvideo.ru', 'opening_hours': {'mon': '12:00-23:00', 'tue': '10:00-23:00', 'wed': '10:00-23:00', 'thu': '10:00-23:00', 'fri': '10:00-23:00', 'sat': '10:00-23:00', 'sun': '10:00-23:00'}, 'ypage': 'https://yandex.ru/maps/org/m_video/1693651878/?ll=37.530920%2C55.790231&z=16', 'goods': None, 'rating': '4,5', 'reviews': None, 'phone': ['8 (800) 600-77-75Показать телефон'], 'social': ['https://ok.ru/mvideo', 'https://t.me/mvideo_official_bot', 'https://vk.com/mvideo', 'https://www.youtube.com/channel/UC84Z1707LlhS2zervmoqt3A']}"
56,"{'ID': 57, 'name': 'Aleksmobail', 'address': 'Рязанский просп., 28, Москва', 'website': 'aleksmobail.ru', 'opening_hours': {'mon': '10:00-21:30', 'tue': '10:00-21:30', 'wed': '10:00-21:30', 'thu': '10:00-21:30', 'fri': '10:00-21:30', 'sat': '10:00-21:30', 'sun': '10:00-21:30'}, 'ypage': 'https://yandex.ru/maps/org/aleksmobail/25341793965/?ll=37.778860%2C55.719360&z=16', 'goods': None, 'rating': '4,3', 'reviews': None, 'phone': ['+7 (967) 049-77-70Показать телефон'], 'social': ['https://viber.click/79670497770', 'https://wa.me/79670497770']}"
57,"{'ID': 58, 'name': 'DNS', 'address': '5, территория Ногинск-Технопарк, Ногинск', 'website': 'dns-shop.ru', 'opening_hours': {'mon': '13:00-20:00', 'tue': '10:00-20:45', 'wed': '10:00-20:45', 'thu': '10:00-20:45', 'fri': '10:00-20:45', 'sat': '10:00-20:45', 'sun': '10:00-20:45'}, 'ypage': 'https://yandex.ru/maps/org/dns/107368283762/?ll=38.393537%2C55.831449&z=16', 'goods': None, 'rating': '4,7', 'reviews': None, 'phone': ['8 (800) 770-79-99Показать телефон'], 'social': ['https://vk.com/dnsstore', 'https://www.youtube.com/c/DNSTV']}"
58,"{'ID': 59, 'name': '', 'address': '', 'website': '', 'opening_hours': {'mon': 'выходной', 'tue': 'выходной', 'wed': 'выходной', 'thu': 'выходной', 'fri': 'выходной', 'sat': 'выходной', 'sun': 'выходной'}, 'ypage': 'https://yandex.ru/maps/org/restore_/202029728837/', 'goods': None, 'rating': '', 'reviews': None, 'phone': [], 'social': []}"
59,"{'ID': 60, 'name': 'Ситилинк', 'address': 'ул. Пришвина, 26, Москва', 'website': 'www.citilink.ru', 'opening_hours': {'mon': '10:00-21:00', 'tue': '10:00-21:00', 'wed': '10:00-21:00', 'thu': '10:00-21:00', 'fri': '10:00-21:00', 'sat': '10:00-21:00', 'sun': '10:00-21:00'}, 'ypage': 'https://yandex.ru/maps/org/sitilink/47509697264/?ll=37.603721%2C55.884722&z=16', 'goods': None, 'rating': '4,7', 'reviews': None, 'phone': ['+7 (495) 780-20-02Показать телефон'], 'social': ['https://ok.ru/citilink.ru', 'https://vk.com/citilink_ru', 'https://www.youtube.com/user/CitilinkTV']}"
60,"{'ID': 61, 'name': 'A & T Trade', 'address': 'ул. 8 Марта, 1, стр. 12, Северный административный округ, Москва', 'website': 'www.athifi.ru', 'opening_hours': {'mon': '09:00-18:00', 'tue': '09:00-18:00', 'wed': '09:00-18:00', 'thu': '09:00-18:00', 'fri': '09:00-18:00', 'sat': 'выходной', 'sun': 'выходной'}, 'ypage': 'https://yandex.ru/maps/org/a_t_trade/1275931617/?ll=37.554676%2C55.801169&z=14', 'goods': None, 'rating': '4,6', 'reviews': None, 'phone': ['+7 (495) 280-00-04Показать телефон'], 'social': ['https://www.youtube.com/channel/UCLiHZefKmH6HRJzo4JDFEkw']}"
61,"{'ID': 62, 'name': 'М.Видео', 'address': 'Южная ул., 10А, Реутов', 'website': 'app.mvideo.ru', 'opening_hours': {'mon': 'выходной', 'tue': '10:00-21:00', 'wed': '10:00-21:00', 'thu': '10:00-21:00', 'fri': '10:00-21:00', 'sat': '10:00-21:00', 'sun': '10:00-21:00'}, 'ypage': 'https://yandex.ru/maps/org/m_video/47529939060/?ll=37.862130%2C55.747176&z=16', 'goods': None, 'rating': '4,7', 'reviews': None, 'phone': [], 'social': ['https://ok.ru/mvideo', 'https://vk.com/mvideo', 'https://www.youtube.com/channel/UC84Z1707LlhS2zervmoqt3A']}"
62,"{'ID': 63, 'name': 'М.Видео', 'address': 'Пролетарский просп., вл30, Москва', 'website': 'app.mvideo.ru', 'opening_hours': {'mon': 'выходной', 'tue': '10:00-22:00', 'wed': '10:00-22:00', 'thu': '10:00-22:00', 'fri': '10:00-22:00', 'sat': '10:00-22:00', 'sun': '10:00-22:00'}, 'ypage': 'https://yandex.ru/maps/org/m_video/37071321654/?ll=37.658652%2C55.630462&z=16', 'goods': None, 'rating': '4,3', 'reviews': None, 'phone': [], 'social': ['https://ok.ru/mvideo', 'https://t.me/mvideo_official_bot', 'https://vk.com/mvideo', 'https://www.youtube.com/channel/UC84Z1707LlhS2zervmoqt3A']}"
63,"{'ID': 64, 'name': 'HitBuy', 'address': 'ул. Земляной Вал, 33, Москва', 'website': 'mi-shop.com', 'opening_hours': {'mon': '10:00-23:00', 'tue': '10:00-23:00', 'wed': '10:00-23:00', 'thu': '10:00-23:00', 'fri': '10:00-23:00', 'sat': '10:00-23:00', 'sun': '10:00-23:00'}, 'ypage': 'https://yandex.ru/maps/org/hitbuy/93144664799/?ll=37.659174%2C55.757338&z=16', 'goods': None, 'rating': '4,2', 'reviews': None, 'phone': ['+7 (495) 109-00-54Показать телефон'], 'social': ['https://t.me/officialmishopcom', 'https://vk.com/mi.russia', 'https://wa.me/79661679919', 'https://www.youtube.com/channel/UCoWAwnX1SGmQ5jiXCjdF-Cw']}"
64,"{'ID': 65, 'name': 'Xiaomi Store', 'address': 'Ходынский бул., 4, Москва', 'website': 'mi-shop.com', 'opening_hours': {'mon': '10:00-22:00', 'tue': '10:00-22:00', 'wed': '10:00-22:00', 'thu': '10:00-22:00', 'fri': '10:00-23:00', 'sat': '10:00-23:00', 'sun': '10:00-22:00'}, 'ypage': 'https://yandex.ru/maps/org/xiaomi_store/1746458247/?ll=37.531274%2C55.790231&z=16', 'goods': None, 'rating': '4,3', 'reviews': None, 'phone': ['+7 (495) 109-00-54Показать телефон'], 'social': ['https://t.me/officialmishopcom', 'https://vk.com/mi.russia', 'https://wa.me/79661679919', 'https://www.youtube.com/channel/UCoWAwnX1SGmQ5jiXCjdF-Cw']}"
65,"{'ID': 66, 'name': 'Xiaomi', 'address': 'МКАД, 41-й километр, с1, Москва', 'website': '', 'opening_hours': {'mon': '10:00-22:00', 'tue': '10:00-22:00', 'wed': '10:00-22:00', 'thu': '10:00-22:00', 'fri': '10:00-22:00', 'sat': '10:00-22:00', 'sun': '10:00-22:00'}, 'ypage': 'https://yandex.ru/maps/org/xiaomi/81436379696/?ll=37.492599%2C55.603232&z=16', 'goods': None, 'rating': '4,2', 'reviews': None, 'phone': ['+7 (495) 109-00-54Показать телефон'], 'social': ['https://t.me/officialmishopcom', 'https://vk.com/mi.russia', 'https://wa.me/79661679919', 'https://www.youtube.com/channel/UCoWAwnX1SGmQ5jiXCjdF-Cw']}"
66,"{'ID': 67, 'name': 'DNS', 'address': 'Лесная ул., 12, микрорайон Юбилейный, Королёв', 'website': 'dns-shop.ru', 'opening_hours': {'mon': '10:00-21:00', 'tue': '10:00-21:00', 'wed': '10:00-21:00', 'thu': '10:00-21:00', 'fri': '10:00-21:00', 'sat': '10:00-21:00', 'sun': '10:00-21:00'}, 'ypage': 'https://yandex.ru/maps/org/dns/214495138839/?ll=37.843202%2C55.933948&z=14', 'goods': None, 'rating': '4,6', 'reviews': None, 'phone': ['8 (800) 770-79-99Показать телефон'], 'social': ['https://vk.com/dnsstore', 'https://www.youtube.com/c/DNSTV']}"
67,"{'ID': 68, 'name': 'Samsung', 'address': 'площадь Киевского Вокзала, 2, Москва', 'website': 'galaxystore.ru', 'opening_hours': {'mon': '10:00-22:00', 'tue': '10:00-22:00', 'wed': '10:00-22:00', 'thu': '10:00-22:00', 'fri': '10:00-23:00', 'sat': '10:00-23:00', 'sun': '10:00-22:00'}, 'ypage': 'https://yandex.ru/maps/org/samsung/1143140532/?ll=37.566021%2C55.744701&z=16', 'goods': None, 'rating': '4,7', 'reviews': None, 'phone': ['+7 (495) 229-27-08Показать телефон'], 'social': ['https://vk.com/galaxystore.russia']}"
68,"{'ID': 69, 'name': '', 'address': '', 'website': '', 'opening_hours': {'mon': 'выходной', 'tue': 'выходной', 'wed': 'выходной', 'thu': 'выходной', 'fri': 'выходной', 'sat': 'выходной', 'sun': 'выходной'}, 'ypage': 'https://yandex.ru/maps/org/xiaomi/118343107696/', 'goods': None, 'rating': '', 'reviews': None, 'phone': [], 'social': []}"
69,"{'ID': 70, 'name': 'М.Видео', 'address': 'Дмитровское ш., 43, корп. 1, Москва', 'website': 'app.mvideo.ru', 'opening_hours': {'mon': 'выходной', 'tue': '10:00-22:00', 'wed': '10:00-22:00', 'thu': '10:00-22:00', 'fri': '10:00-22:00', 'sat': '10:00-22:00', 'sun': '10:00-22:00'}, 'ypage': 'https://yandex.ru/maps/org/m_video/1087493316/?ll=37.571686%2C55.833587&z=16', 'goods': None, 'rating': '4,5', 'reviews': None, 'phone': [], 'social': ['https://ok.ru/mvideo', 'https://t.me/mvideo_official_bot', 'https://vk.com/mvideo', 'https://www.youtube.com/channel/UC84Z1707LlhS2zervmoqt3A']}"
70,"{'ID': 71, 'name': 'Пульты', 'address': 'Звенигородское ш., 4, Москва', 'website': '', 'opening_hours': {'mon': '10:00-21:00', 'tue': '10:00-21:00', 'wed': '10:00-21:00', 'thu': '10:00-21:00', 'fri': '10:00-21:00', 'sat': '10:00-21:00', 'sun': '10:00-21:00'}, 'ypage': 'https://yandex.ru/maps/org/pulty/239632716679/?ll=37.557834%2C55.764091&z=16', 'goods': None, 'rating': '', 'reviews': None, 'phone': ['+7 (968) 006-63-33Показать телефон'], 'social': []}"
71,"{'ID': 72, 'name': 'Ситилинк мини, пункт выдачи', 'address': 'ул. Наташи Ковшовой, 8, корп. 1, Москва', 'website': 'www.citilink.ru', 'opening_hours': {'mon': '10:00-21:00', 'tue': '10:00-21:00', 'wed': '10:00-21:00', 'thu': '10:00-21:00', 'fri': '10:00-21:00', 'sat': '10:00-21:00', 'sun': '10:00-21:00'}, 'ypage': 'https://yandex.ru/maps/org/sitilink_mini_punkt_vydachi/1324858587/?ll=37.449145%2C55.681383&z=14', 'goods': None, 'rating': '4,3', 'reviews': None, 'phone': ['+7 (925) 005-57-48Показать телефон'], 'social': ['https://ok.ru/citilink.ru', 'https://vk.com/citilink_ru', 'https://www.youtube.com/user/CitilinkTV']}"
72,"{'ID': 73, 'name': 'М.Видео', 'address': 'Каширское ш., 14, Москва', 'website': 'app.mvideo.ru', 'opening_hours': {'mon': '13:00-22:00', 'tue': '10:00-22:00', 'wed': '10:00-22:00', 'thu': '10:00-22:00', 'fri': '10:00-22:00', 'sat': '10:00-22:00', 'sun': '10:00-22:00'}, 'ypage': 'https://yandex.ru/maps/org/m_video/1831983923/?ll=37.627194%2C55.663746&z=16', 'goods': None, 'rating': '4,3', 'reviews': None, 'phone': [], 'social': ['https://ok.ru/mvideo', 'https://t.me/mvideo_official_bot', 'https://vk.com/mvideo', 'https://www.youtube.com/channel/UC84Z1707LlhS2zervmoqt3A']}"
73,"{'ID': 74, 'name': 'Wineprivelege', 'address': 'Хорошёвское ш., 84, корп. 4, Москва', 'website': 'wineprivelege.ru', 'opening_hours': {'mon': '10:00-19:00', 'tue': '10:00-19:00', 'wed': '10:00-19:00', 'thu': '10:00-19:00', 'fri': '10:00-19:00', 'sat': '10:00-19:00', 'sun': '10:00-19:00'}, 'ypage': 'https://yandex.ru/maps/org/wineprivelege/23096548294/?ll=37.519458%2C55.779509&z=15', 'goods': None, 'rating': '4,4', 'reviews': None, 'phone': ['+7 (495) 095-33-23Показать телефон'], 'social': ['https://viber.click/74950953323']}"
74,"{'ID': 75, 'name': 'Эльдорадо', 'address': 'Боровское ш., 6, Москва', 'website': 'app.eldorado.ru', 'opening_hours': {'mon': '15:00-22:00', 'tue': '10:00-22:00', 'wed': '10:00-22:00', 'thu': '10:00-22:00', 'fri': '10:00-22:00', 'sat': '10:00-22:00', 'sun': '10:00-22:00'}, 'ypage': 'https://yandex.ru/maps/org/eldorado/141960907848/?ll=37.401905%2C55.658794&z=16', 'goods': None, 'rating': '4,3', 'reviews': None, 'phone': [], 'social': ['https://ok.ru/eldorado.stores', 'https://t.me/eldorado_official_bot', 'https://vk.com/eldorado_stores', 'https://www.youtube.com/user/eldoradovideo']}"
75,"{'ID': 76, 'name': 'DNS', 'address': 'ул. Кирова, 6А, Лосино-Петровский', 'website': 'dns-shop.ru', 'opening_hours': {'mon': '10:00-20:00', 'tue': '10:00-20:00', 'wed': '10:00-20:00', 'thu': '10:00-20:00', 'fri': '10:00-20:00', 'sat': '10:00-20:00', 'sun': '10:00-20:00'}, 'ypage': 'https://yandex.ru/maps/org/dns/221662382828/?ll=38.197489%2C55.865445&z=16', 'goods': None, 'rating': '4,8', 'reviews': None, 'phone': ['8 (800) 770-79-99Показать телефон'], 'social': ['https://vk.com/dnsstore', 'https://www.youtube.com/c/DNSTV']}"
76,"{'ID': 77, 'name': 'DNS', 'address': 'площадь Революции, 6, Истра', 'website': 'dns-shop.ru', 'opening_hours': {'mon': '09:00-21:00', 'tue': '09:00-21:00', 'wed': '09:00-21:00', 'thu': '09:00-21:00', 'fri': '09:00-21:00', 'sat': '09:00-21:00', 'sun': '09:00-21:00'}, 'ypage': 'https://yandex.ru/maps/org/dns/49786527284/?ll=36.857607%2C55.915094&z=14', 'goods': None, 'rating': '4,5', 'reviews': None, 'phone': ['8 (800) 770-79-99Показать телефон'], 'social': ['https://vk.com/dnsstore', 'https://www.youtube.com/c/DNSTV']}"
77,"{'ID': 78, 'name': '1mobshop.ru', 'address': 'Авиамоторная ул., 10, корп. 2, Москва', 'website': '', 'opening_hours': {'mon': '09:00-22:00', 'tue': '09:00-22:00', 'wed': '09:00-22:00', 'thu': '09:00-22:00', 'fri': '09:00-22:00', 'sat': '09:00-22:00', 'sun': 'выходной'}, 'ypage': 'https://yandex.ru/maps/org/1mobshop_ru/35565345129/?ll=37.714591%2C55.754299&z=16', 'goods': None, 'rating': '2,7', 'reviews': None, 'phone': [], 'social': ['https://vk.com/public145306352']}"
78,"{'ID': 79, 'name': 'Electro-nic', 'address': 'Пятницкое ш., 18, Москва', 'website': 'electro-nic.ru', 'opening_hours': {'mon': '09:00-19:00', 'tue': '09:00-19:00', 'wed': '09:00-19:00', 'thu': '09:00-19:00', 'fri': '09:00-19:00', 'sat': '09:00-19:00', 'sun': '09:00-19:00'}, 'ypage': 'https://yandex.ru/maps/org/electro_nic/1341214388/?ll=37.383633%2C55.844334&z=16', 'goods': None, 'rating': '4,5', 'reviews': None, 'phone': ['+7 (915) 411-81-06Показать телефон'], 'social': ['https://wa.me/79154118106']}"
79,"{'ID': 80, 'name': 'Mobi-Lera.ru', 'address': 'ул. Барклая, 8, Москва', 'website': 'mobi-lera.ru', 'opening_hours': {'mon': '11:00-20:00', 'tue': '11:00-20:00', 'wed': '11:00-20:00', 'thu': '11:00-20:00', 'fri': '11:00-20:00', 'sat': '12:00-19:00', 'sun': 'выходной'}, 'ypage': 'https://yandex.ru/maps/org/mobi_lera_ru/24457124541/?ll=37.502687%2C55.741186&z=16', 'goods': None, 'rating': '4,4', 'reviews': None, 'phone': ['+7 (495) 968-21-64Показать телефон'], 'social': ['http://vk.com/mobilera', 'https://www.youtube.com/channel/UCXcGAdpKsE4qJoaleo1P7EA']}"
80,"{'ID': 81, 'name': 'DNS', 'address': 'ул. Маршала Неделина, 6, Одинцово', 'website': 'dns-shop.ru', 'opening_hours': {'mon': '10:00-22:00', 'tue': '10:00-22:00', 'wed': '10:00-22:00', 'thu': '10:00-22:00', 'fri': '10:00-22:00', 'sat': '10:00-22:00', 'sun': '10:00-22:00'}, 'ypage': 'https://yandex.ru/maps/org/dns/1276199385/?ll=37.267921%2C55.678529&z=15', 'goods': None, 'rating': '4,6', 'reviews': None, 'phone': ['8 (800) 770-79-99Показать телефон'], 'social': ['https://vk.com/dnsstore', 'https://www.youtube.com/c/DNSTV']}"
81,"{'ID': 82, 'name': '', 'address': '', 'website': '', 'opening_hours': {'mon': 'выходной', 'tue': 'выходной', 'wed': 'выходной', 'thu': 'выходной', 'fri': 'выходной', 'sat': 'выходной', 'sun': 'выходной'}, 'ypage': 'https://yandex.ru/maps/org/dns/1622980608/', 'goods': None, 'rating': '', 'reviews': None, 'phone': [], 'social': []}"
82,"{'ID': 83, 'name': 'Технопарк', 'address': 'Ленинградское ш., 16А, стр. 4, Москва', 'website': 'www.technopark.ru', 'opening_hours': {'mon': '10:00-23:00', 'tue': '10:00-23:00', 'wed': '10:00-23:00', 'thu': '10:00-23:00', 'fri': '10:00-23:00', 'sat': '10:00-23:00', 'sun': '10:00-23:00'}, 'ypage': 'https://yandex.ru/maps/org/tekhnopark/70603064357/?ll=37.496299%2C55.824314&z=16', 'goods': None, 'rating': '4,8', 'reviews': None, 'phone': ['+7 (495) 755-57-77 (доб. 7900)Показать телефон'], 'social': ['https://ok.ru/group/52570757267676', 'https://vk.com/technoparkru']}"
83,"{'ID': 84, 'name': 'М.Видео', 'address': 'Чонгарский бул., 3, Москва', 'website': 'app.mvideo.ru', 'opening_hours': {'mon': 'выходной', 'tue': '10:00-22:00', 'wed': '10:00-22:00', 'thu': '10:00-22:00', 'fri': '10:00-22:00', 'sat': '10:00-22:00', 'sun': '10:00-22:00'}, 'ypage': 'https://yandex.ru/maps/org/m_video/1057706433/?ll=37.617366%2C55.652857&z=16', 'goods': None, 'rating': '4,4', 'reviews': None, 'phone': [], 'social': ['https://ok.ru/mvideo', 'https://t.me/mvideo_official_bot', 'https://vk.com/mvideo', 'https://www.youtube.com/channel/UC84Z1707LlhS2zervmoqt3A']}"
84,"{'ID': 85, 'name': 'Пульт.ру', 'address': 'ул. Орджоникидзе, 11, стр. 1А, Москва', 'website': 'www.pult.ru', 'opening_hours': {'mon': '09:00-21:00', 'tue': '09:00-21:00', 'wed': '09:00-21:00', 'thu': '09:00-21:00', 'fri': '09:00-21:00', 'sat': '09:00-19:00', 'sun': '09:00-19:00'}, 'ypage': 'https://yandex.ru/maps/org/pult_ru/1114524796/?ll=37.595806%2C55.707791&z=16', 'goods': None, 'rating': '4,8', 'reviews': None, 'phone': ['8 (800) 333-82-78Показать телефон'], 'social': ['https://t.me/PULTRU_BOT', 'https://vk.com/pultru', 'https://wa.me/74957555560', 'https://www.youtube.com/user/pultexpert?sub_confirmation=1']}"
85,"{'ID': 86, 'name': 'Bon Hi-fi', 'address': 'Басманный тупик, 6А, стр. 1, Москва', 'website': 'bonhifi.ru', 'opening_hours': {'mon': '11:00-21:00', 'tue': '11:00-21:00', 'wed': '11:00-21:00', 'thu': '11:00-21:00', 'fri': '11:00-21:00', 'sat': 'выходной', 'sun': 'выходной'}, 'ypage': 'https://yandex.ru/maps/org/bon_hi_fi/104629066554/?ll=37.658006%2C55.766836&z=16', 'goods': None, 'rating': '4,4', 'reviews': None, 'phone': ['+7 (495) 118-43-58Показать телефон'], 'social': ['https://wa.me/79260777785']}"
86,"{'ID': 87, 'name': 'Pioneer-Online', 'address': 'ул. Маршала Федоренко, 3, стр. 1, Москва', 'website': 'www.pioneer-online.ru', 'opening_hours': {'mon': '10:00-19:00', 'tue': '10:00-19:00', 'wed': '10:00-19:00', 'thu': '10:00-19:00', 'fri': '10:00-19:00', 'sat': '10:00-19:00', 'sun': '10:00-19:00'}, 'ypage': 'https://yandex.ru/maps/org/pioneer_online/1231682992/?ll=37.492601%2C55.878936&z=14', 'goods': None, 'rating': '4,1', 'reviews': None, 'phone': ['+7 (495) 486-50-65Показать телефон'], 'social': ['http://vk.com/public49802696', 'http://www.youtube.com/user/pioneeronline', 'https://wa.me/79252483335']}"
87,"{'ID': 88, 'name': 'Технопарк', 'address': 'Хорошёвский пр., 14, село Немчиновка', 'website': 'www.technopark.ru', 'opening_hours': {'mon': '00:00-23:59', 'tue': '00:00-23:59', 'wed': '00:00-23:59', 'thu': '00:00-23:59', 'fri': '00:00-23:59', 'sat': '00:00-23:59', 'sun': '00:00-23:59'}, 'ypage': 'https://yandex.ru/maps/org/tekhnopark/196272144470/?ll=37.378494%2C55.721478&z=16', 'goods': None, 'rating': '4,3', 'reviews': None, 'phone': ['+7 (495) 755-57-77 (доб. 7586)Показать телефон'], 'social': []}"
88,"{'ID': 89, 'name': 'Сфера Звука', 'address': 'ул. Ильинка, 4, Москва', 'website': 'sferazvyka.ru', 'opening_hours': {'mon': '11:00-20:00', 'tue': '11:00-20:00', 'wed': '11:00-20:00', 'thu': '11:00-20:00', 'fri': '11:00-20:00', 'sat': '11:00-20:00', 'sun': '11:00-20:00'}, 'ypage': 'https://yandex.ru/maps/org/sfera_zvuka/1356450530/?ll=37.625261%2C55.753089&z=15', 'goods': None, 'rating': '4,8', 'reviews': None, 'phone': ['+7 (916) 805-24-45Показать телефон'], 'social': ['http://youtube.com/channel/UCBKqXcviSluNnNqLE_R_97w']}"
89,"{'ID': 90, 'name': 'Технопарк', 'address': 'МКАД, 24-й километр, 1, посёлок Совхоза имени Ленина', 'website': 'www.technopark.ru', 'opening_hours': {'mon': '00:00-23:59', 'tue': '00:00-23:59', 'wed': '00:00-23:59', 'thu': '00:00-23:59', 'fri': '00:00-23:59', 'sat': '00:00-23:59', 'sun': '00:00-23:59'}, 'ypage': 'https://yandex.ru/maps/org/tekhnopark/47310218952/?ll=37.724823%2C55.585327&z=16', 'goods': None, 'rating': '4,3', 'reviews': None, 'phone': ['+7 (495) 755-57-77 (доб. 7597)Показать телефон'], 'social': ['https://ok.ru/group/52570757267676', 'https://vk.com/technoparkru']}"
90,"{'ID': 91, 'name': 'М.Видео', 'address': 'Куликовская ул., 6, Москва', 'website': 'app.mvideo.ru', 'opening_hours': {'mon': 'выходной', 'tue': '10:00-22:00', 'wed': '10:00-22:00', 'thu': '10:00-22:00', 'fri': '10:00-22:00', 'sat': '10:00-22:00', 'sun': '10:00-22:00'}, 'ypage': 'https://yandex.ru/maps/org/m_video/1735143178/?ll=37.565263%2C55.574050&z=16', 'goods': None, 'rating': '4,3', 'reviews': None, 'phone': [], 'social': ['https://ok.ru/mvideo', 'https://t.me/mvideo_official_bot', 'https://vk.com/mvideo', 'https://www.youtube.com/channel/UC84Z1707LlhS2zervmoqt3A']}"
91,"{'ID': 92, 'name': 'Савёловский', 'address': 'ул. Сущёвский Вал, 5, стр. 1А, Москва', 'website': 'www.savel.ru', 'opening_hours': {'mon': '10:00-21:00', 'tue': '10:00-21:00', 'wed': '10:00-21:00', 'thu': '10:00-21:00', 'fri': '10:00-21:00', 'sat': '10:00-21:00', 'sun': '10:00-21:00'}, 'ypage': 'https://yandex.ru/maps/org/savyolovskiy/1151616644/?ll=37.592833%2C55.794143&z=16', 'goods': None, 'rating': '4,4', 'reviews': None, 'phone': ['+7 (495) 780-63-93Показать телефон'], 'social': ['https://t.me/tk_savela', 'https://vk.com/tksavel']}"
92,"{'ID': 93, 'name': 'I-masha', 'address': 'Багратионовский пр., 7, корп. 3, Москва', 'website': 'i-masha.ru', 'opening_hours': {'mon': '10:00-20:00', 'tue': '10:00-20:00', 'wed': '10:00-20:00', 'thu': '10:00-20:00', 'fri': '10:00-20:00', 'sat': '10:00-20:00', 'sun': '10:00-20:00'}, 'ypage': 'https://yandex.ru/maps/org/i_masha/1179533865/?ll=37.504053%2C55.741490&z=16', 'goods': None, 'rating': '3,9', 'reviews': None, 'phone': [], 'social': ['http://vk.com/club20728070']}"
93,"{'ID': 94, 'name': 'DNS', 'address': 'площадь Киевского Вокзала, 2, Москва', 'website': 'dns-shop.ru', 'opening_hours': {'mon': 'выходной', 'tue': 'выходной', 'wed': '10:00-22:00', 'thu': '10:00-22:00', 'fri': '10:00-22:00', 'sat': '10:00-23:00', 'sun': '10:00-22:00'}, 'ypage': 'https://yandex.ru/maps/org/dns/185487626596/?ll=37.566072%2C55.744637&z=16', 'goods': None, 'rating': '4,3', 'reviews': None, 'phone': ['8 (800) 700-46-66Показать телефон'], 'social': ['https://vk.com/dnsstore', 'https://www.youtube.com/c/DNSTV']}"
94,"{'ID': 95, 'name': 'М.Видео', 'address': 'Митинская ул., 36, корп. 1, Москва', 'website': 'app.mvideo.ru', 'opening_hours': {'mon': 'выходной', 'tue': '10:00-22:00', 'wed': '10:00-22:00', 'thu': '10:00-22:00', 'fri': '10:00-22:00', 'sat': '10:00-22:00', 'sun': '10:00-22:00'}, 'ypage': 'https://yandex.ru/maps/org/m_video/1014876283/?ll=37.361939%2C55.846694&z=16', 'goods': None, 'rating': '4,3', 'reviews': None, 'phone': [], 'social': ['https://ok.ru/mvideo', 'https://t.me/mvideo_official_bot', 'https://vk.com/mvideo', 'https://www.youtube.com/channel/UC84Z1707LlhS2zervmoqt3A']}"
95,"{'ID': 96, 'name': 'Вольтик.ру', 'address': 'Электродная ул., 10, стр. 3, Москва', 'website': 'voltiq.ru', 'opening_hours': {'mon': 'выходной', 'tue': 'выходной', 'wed': 'выходной', 'thu': '11:00-19:00', 'fri': 'выходной', 'sat': 'выходной', 'sun': 'выходной'}, 'ypage': 'https://yandex.ru/maps/org/voltik_ru/13333695084/?ll=37.753999%2C55.750669&z=14', 'goods': None, 'rating': '5,0', 'reviews': None, 'phone': ['+7 (499) 393-33-61Показать телефон'], 'social': ['https://vk.com/voltiq']}"
96,"{'ID': 97, 'name': 'Смарт-Молл', 'address': 'Кировоградская ул., 15, Москва', 'website': '', 'opening_hours': {'mon': '10:00-20:00', 'tue': '10:00-20:00', 'wed': '10:00-20:00', 'thu': '10:00-20:00', 'fri': '10:00-20:00', 'sat': '10:00-20:00', 'sun': '10:00-20:00'}, 'ypage': 'https://yandex.ru/maps/org/smart_moll/1283297021/?ll=37.605324%2C55.609629&z=16', 'goods': None, 'rating': '4,4', 'reviews': None, 'phone': ['+7 (495) 764-72-01Показать телефон'], 'social': []}"
97,"{'ID': 98, 'name': 'М.Видео', 'address': 'Хорошёвское ш., 27, Москва', 'website': 'app.mvideo.ru', 'opening_hours': {'mon': '12:00-22:00', 'tue': '10:00-22:00', 'wed': '10:00-22:00', 'thu': '10:00-22:00', 'fri': '10:00-22:00', 'sat': '10:00-22:00', 'sun': '10:00-22:00'}, 'ypage': 'https://yandex.ru/maps/org/m_video/132997321186/?ll=37.523708%2C55.777100&z=16', 'goods': None, 'rating': '4,4', 'reviews': None, 'phone': ['8 (800) 600-77-75Показать телефон'], 'social': ['https://ok.ru/mvideo', 'https://t.me/mvideo_official_bot', 'https://vk.com/mvideo', 'https://www.youtube.com/channel/UC84Z1707LlhS2zervmoqt3A']}"
98,"{'ID': 99, 'name': 'Xiaomi', 'address': 'Тверская ул., 27, стр. 1, Москва', 'website': 'mi-shop.com', 'opening_hours': {'mon': '09:00-23:00', 'tue': '09:00-23:00', 'wed': '09:00-23:00', 'thu': '09:00-23:00', 'fri': '09:00-23:00', 'sat': '09:00-23:00', 'sun': '09:00-23:00'}, 'ypage': 'https://yandex.ru/maps/org/xiaomi/167434681255/?ll=37.598527%2C55.768250&z=16', 'goods': None, 'rating': '4,3', 'reviews': None, 'phone': ['+7 (495) 109-00-54Показать телефон'], 'social': ['https://t.me/officialmishopcom', 'https://vk.com/mi.russia', 'https://wa.me/79661679919', 'https://www.youtube.com/channel/UCoWAwnX1SGmQ5jiXCjdF-Cw']}"
99,"{'ID': 100, 'name': 'М.Видео', 'address': 'Трубная площадь, 2, Москва', 'website': 'app.mvideo.ru', 'opening_hours': {'mon': '10:00-22:00', 'tue': '10:00-22:00', 'wed': '10:00-22:00', 'thu': '10:00-22:00', 'fri': '10:00-22:00', 'sat': '10:00-22:00', 'sun': '10:00-22:00'}, 'ypage': 'https://yandex.ru/maps/org/m_video/1017332012/?ll=37.622333%2C55.766491&z=16', 'goods': None, 'rating': '4,3', 'reviews': None, 'phone': [], 'social': ['https://ok.ru/mvideo', 'https://t.me/mvideo_official_bot', 'https://vk.com/mvideo', 'https://www.youtube.com/channel/UC84Z1707LlhS2zervmoqt3A']}"
